config,category,f1,precision,recall,pa_f1,detected,total_anomalies,n_series,total_points,num_train_series,time_s
baseline_f1optimal,point,0.13643669763072747,0.07488027862429256,0.7667761614265604,0.5131459655485042,130929,12786,400,400000,5,26.633106231689453
phase2_evidence_fast,point,0.10684515509280779,0.058020179176005764,0.6741748787736587,0.683453237410072,148569,12786,400,400000,5,2751.7391307353973
