config,category,f1,precision,recall,pa_f1,detected,total_anomalies,n_series,total_points,num_train_series,time_s,label
baseline_f1optimal,trend,0.11615694063388934,0.06200916524395723,0.9162241104620287,0.5224111282843895,222580,15064,400,400000,5,251.48046040534973,baseline_f1optimal             | trend     
baseline_f1optimal,point,0.4562531809559062,0.3239487516425756,0.7712341623650868,0.7559681697612732,30440,12786,400,400000,5,251.62398958206177,baseline_f1optimal             | point     
baseline_f1optimal,range,0.09517983388306225,0.05060693447790222,0.7982651010261292,0.7106190401879214,149110,9453,400,400000,5,252.36887383460999,baseline_f1optimal             | range     
baseline_f1optimal,freq,0.22979391455902504,0.14033149171270717,0.6339279160243706,0.5840161107892632,61540,13623,400,400000,5,257.80162024497986,baseline_f1optimal             | freq      
phase2_evidence_fast,trend,0.054784307676487225,0.02878562744833176,0.5658523632501328,0.8722741433021807,296120,15064,400,400000,5,1018.3887734413147,phase2_evidence_fast           | trend     
phase2_evidence_fast,point,0.10816442977994987,0.05874031660491748,0.6819959330517754,0.6913875598086124,148450,12786,400,400000,5,1019.8587765693665,phase2_evidence_fast           | point     
phase2_evidence_fast,freq,0.1546405934203147,0.09034371909000989,0.536372311531968,0.6566210292974115,80880,13623,400,400000,5,1022.9684166908264,phase2_evidence_fast           | freq      
phase2_evidence_fast,range,0.08534300171516117,0.04528436325948957,0.7395535808737966,0.7285451253332926,154380,9453,400,400000,5,1024.2967503070831,phase2_evidence_fast           | range     
