config,category,f1,precision,recall,pa_f1,vus_pr,detected,total_anomalies,n_series,total_points,num_train_series,time_s,label
phase2_stl_range_llm,trend,0.6562558654604151,0.7551619870410368,0.5802575677110993,0.8152866242038216,0.16639051460636206,11575,15064,400,400000,5,2849.0879743099213,phase2_stl_range_llm           | trend     
phase2_stl_range_llm,point,0.13750534162670336,0.17498489425981872,0.11324886594712967,0.371859296482412,0.09175652671350792,8275,12786,400,400000,5,3641.564299583435,phase2_stl_range_llm           | point     
phase2_stl_range_llm,freq,0.11067863886854985,0.11650170371572287,0.10540996843573369,0.1965782836889101,0.06734438140216967,12326,13623,400,400000,5,4044.7086296081543,phase2_stl_range_llm           | freq      
phase2_stl_range_llm,range,0.004211856375697588,0.45454545454545453,0.002115730455939913,0.012448132780082988,0.23858312944183183,44,9453,400,400000,5,4049.515052318573,phase2_stl_range_llm           | range     
