{
  "timestamp": "20260228_113034",
  "wall_time_s": 835.6218538284302,
  "configs": [
    "phase2_stl_range_llm"
  ],
  "categories": [
    "trend"
  ],
  "num_train_series": 5,
  "workers": 1,
  "per_config": {
    "phase2_stl_range_llm": {
      "avg_f1": 0.642992536429333,
      "avg_pa_f1": 0.9015873015873016,
      "avg_vus_pr": 0.0863871345051463
    }
  }
}