config,category,f1,precision,recall,pa_f1,detected,total_anomalies,n_series,total_points,num_train_series,time_s,label
phase2_stl_evidence,freq,0.1511291796430636,0.1013,0.29743815605960505,0.4279891304347826,40000,13623,400,400000,5,2327.3803520202637,phase2_stl_evidence            | freq      
phase2_stl_evidence,point,0.15674610692229,0.103425,0.3235570154856875,0.2692750287686997,40000,12786,400,400000,5,2360.015440225601,phase2_stl_evidence            | point     
phase2_stl_evidence,range,0.2761814247871716,0.170725,0.7224161641806833,0.6564939926557096,40000,9453,400,400000,5,2367.10613155365,phase2_stl_evidence            | range     
phase2_stl_evidence,trend,0.16667877379049834,0.114725,0.30463356346255976,0.39999999999999997,40000,15064,400,400000,5,2368.7894649505615,phase2_stl_evidence            | trend     
