config,category,f1,precision,recall,pa_f1,detected,total_anomalies,n_series,total_points,num_train_series,time_s,label
phase2_stl_llm,freq,0.072829630383267,0.03864669096144329,0.6305512735814431,0.7380614361822448,222270,13623,400,400000,5,6570.391094684601,phase2_stl_llm                 | freq      
phase2_stl_llm,point,0.061290844728452504,0.0320891672807664,0.6811356170811825,0.7583806557977653,271400,12786,400,400000,5,6578.95502614975,phase2_stl_llm                 | point     
phase2_stl_llm,range,0.10981943755111742,0.05879491017964072,0.8309531365704009,0.7633975109389812,133600,9453,400,400000,5,7978.783073663712,phase2_stl_llm                 | range     
phase2_stl_llm,trend,0.07905923396021754,0.04183926770615158,0.7160780669144982,0.8478802992518703,257820,15064,400,400000,5,8421.0567715168,phase2_stl_llm                 | trend     
