config,pipeline,category,f1,precision,recall,pa_f1,detected,total_anomalies,test_size,threshold,train_time,test_time
baseline_f1optimal,baseline_knn_f1optimal,point,0.4857546307832876,0.5016297821238634,0.47085346215781,0.27692307692307694,5829,6210,200000,6.634995372110715,0.8899834156036377,186.13410329818726
phase2_evidence_fast,phase2_evidence_fast,point,0.3427113010446344,0.2713855987967663,0.46489533011272144,0.41696113074204944,10638,6210,200000,1.6271286938015024,2.977566957473755,2265.5265288352966
