{
  "timestamp": "20260227_234144",
  "wall_time_s": 857.5450897216797,
  "configs": [
    "phase2_stl_range_llm"
  ],
  "categories": [
    "trend"
  ],
  "num_train_series": 5,
  "workers": 1,
  "per_config": {
    "phase2_stl_range_llm": {
      "avg_f1": 0.14907607391408687,
      "avg_pa_f1": 0.4140816499027978,
      "avg_vus_pr": 0.13756938112088357
    }
  }
}