category,pipeline,f1,precision,recall,pa_f1,threshold,detected,total_anomalies,test_size,train_size,inference_time
point,baseline_knn_f1optimal,0.6710526315789475,0.6908866995073891,0.6523255813953488,0.4,8.410248562402575,812,860,30000,30000,4.722538471221924
trend,baseline_knn_f1optimal,0.5460967855881314,0.4345137717818999,0.7347908745247148,0.761904761904762,1.2711097211658544,1779,1052,30000,30000,4.07517409324646
range,baseline_knn_f1optimal,0.42693110647181637,0.36813681368136814,0.5080745341614907,0.4230769230769231,15.627326558637517,1111,805,30000,30000,2.7958908081054688
freq,baseline_knn_f1optimal,0.3358153387937453,0.28293601003764113,0.413003663003663,0.3902439024390244,6.596538737350341,1594,1092,30000,30000,2.7412655353546143
noisy-point,baseline_knn_f1optimal,0.5320253894979804,0.6642651296829971,0.4436958614051973,0.2702702702702703,8.648342848452787,694,1039,30000,30000,1.6832756996154785
noisy-trend,baseline_knn_f1optimal,0.4843070980202801,0.34314060896339377,0.822805578342904,0.7692307692307692,2.6244877205337844,2923,1219,30000,30000,1.508185863494873
noisy-freq,baseline_knn_f1optimal,0.31516352824578786,0.25105263157894736,0.42324755989352264,0.4367816091954023,6.037404702482121,1900,1127,30000,30000,3.1351571083068848
flat-trend,baseline_knn_f1optimal,0.5585355470412942,0.5057825751734772,0.623574144486692,0.6666666666666666,0.33750106591353085,1297,1052,30000,30000,3.2946040630340576
