category,pipeline,f1,precision,recall,pa_f1,threshold,detected,total_anomalies,test_size,inference_time,train_time
point,baseline_knn_f1optimal,0.4857546307832876,0.5016297821238634,0.47085346215781,0.27692307692307694,6.634995372110715,5829,6210,200000,155.43386054039001,0.7710573673248291
trend,baseline_knn_f1optimal,0.3694075644315519,0.31080446822491314,0.4552454282964389,0.5528455284552846,2.1307764337238426,10653,7273,200000,162.1529507637024,1.9268825054168701
range,baseline_knn_f1optimal,0.4133277685030607,0.3157279489904357,0.5982682239226742,0.4953560371517028,11.778393461463889,9410,4966,200000,177.35526823997498,0.8732340335845947
freq,baseline_knn_f1optimal,0.2699090716853458,0.19135284240825137,0.45788491892667527,0.5555555555555556,2.9527834123192456,16676,6969,200000,174.12487816810608,0.9493772983551025
noisy-point,baseline_knn_f1optimal,0.48650495387769044,0.4320388349514563,0.5566849100860047,0.36630036630036633,6.234725885894825,8240,6395,200000,108.90108799934387,1.0932953357696533
noisy-trend,baseline_knn_f1optimal,0.4463651798116993,0.3538047467580132,0.6045150501672241,0.6161862888780328,2.384325422203685,12261,7176,200000,143.00972294807434,1.0076496601104736
noisy-freq,baseline_knn_f1optimal,0.30642857142857144,0.2159033719174635,0.5276752767527675,0.5765472312703583,3.228854371986631,17883,7317,200000,165.65889239311218,1.4217126369476318
flat-trend,baseline_knn_f1optimal,0.4016679042668647,0.3435606800859879,0.48343187130482607,0.6097322649990229,0.06963383718224789,10234,7273,200000,179.58516669273376,0.8687951564788818
