config,category,f1,precision,recall,pa_f1,detected,total_anomalies,n_series,total_points,num_train_series,time_s,label
phase2_timesfm,point,0.10035859604216218,0.054376553709276465,0.6500860315970592,0.7476035698545616,152860,12786,400,400000,5,3172.9649307727814,phase2_timesfm                 | point     
phase2_timesfm,range,0.08945938787703338,0.04749509483322433,0.7682217285517825,0.730960216766871,152900,9453,400,400000,5,3233.537444114685,phase2_timesfm                 | range     
phase2_timesfm,trend,0.060205083929252924,0.03159121499622468,0.6388077535847052,0.8534201954397395,304610,15064,400,400000,5,3143.019335269928,phase2_timesfm                 | trend     
phase2_timesfm,freq,0.15220083985378086,0.08820028011204482,0.5547236291565735,0.7024490982546542,85680,13623,400,400000,5,3135.33478307724,phase2_timesfm                 | freq      
 