{
  "timestamp": "20260223_085616",
  "wall_time_s": 12687.360236406326,
  "configs": [
    "phase2_timesfm"
  ],
  "categories": [
    "point",
    "range",
    "trend",
    "freq"
  ],
  "num_train_series": 5,
  "workers": 1,
  "per_config": {
    "phase2_timesfm": {
      "avg_f1": 0.10055597692555734,
      "avg_pa_f1": 0.7586082700789566
    }
  }
}